test1,test2,test3,mean,std
71.174,71.014,70.99,71.05933333333333,0.10002666311206546
71.052,71.1,70.972,71.04133333333333,0.06466323014923916
71.034,70.924,70.924,70.96066666666667,0.06350852961085851
70.99,70.952,71.144,71.02866666666667,0.10167267741794891
71.206,70.82,71.184,71.07,0.21678560837842034
